metric,buy_and_hold,ma_20_60_no_tc,ma_20_60_tc_5bps
cumulative_return,39.56331005912513,9.185112875729942,9.044103386802735
annualized_return,0.8551422976017575,0.4730477217877451,0.46962444831308225
annualized_volatility,0.5187444163922715,0.4024559066182435,0.4024402291576573
sharpe_ratio,1.6484848233144236,1.175402606866105,1.1669421054054347
max_drawdown,-0.6633514983431748,-0.642630440102419,-0.6437031931734583
number_of_trades,1.0,28.0,28.0
avg_daily_turnover,0.0006622516556291391,0.018543046357615896,0.018543046357615896
